INSERT INTO CLIENTES (CLIENTE_ID, NOME, TELEFONE, EMAIL, ENDERECO) VALUES (1, 'Mateus Demuno', '11999998888', 'mateusdmuno@email.com', 'Rua A, 123');
INSERT INTO CLIENTES (CLIENTE_ID, NOME, TELEFONE, EMAIL, ENDERECO) VALUES (2, 'Julia', '11988887777', 'julia123@email.com', 'Rua B, 456');

INSERT INTO PROPRIETARIOS (PROPRIETARIO_ID, NOME, TELEFONE, EMAIL) VALUES (1, 'Ana Claudia  ', '11977776666', 'anaclaudia@email.com');
INSERT INTO PROPRIETARIOS (PROPRIETARIO_ID, NOME, TELEFONE, EMAIL) VALUES (2, 'Ana Costa', '11966665555', 'anacosta@email.com');

INSERT INTO PROPRIEDADES (PROPRIEDADE_ID, ENDERECO, TIPO, PRECO, STATUS, PROPRIETARIO_ID) 
VALUES (1, 'Av. Central, 789', 'Apartamento', 300000, 'Disponível', 1);
INSERT INTO PROPRIEDADES (PROPRIEDADE_ID, ENDERECO, TIPO, PRECO, STATUS, PROPRIETARIO_ID) 
VALUES (2, 'Rua das Flores, 101', 'Casa', 450000, 'Alugada', 2);

INSERT INTO CONTRATOS (CONTRATO_ID, PROPRIEDADE_ID, PROPRIETARIO_ID, CLIENTE_ID, DATA_INICIO, DATA_FIM, VALOR_MENSAL, TIPO) 
VALUES (1, 1, 1, 1, TO_DATE('2024-01-01', 'YYYY-MM-DD'), TO_DATE('2024-12-31', 'YYYY-MM-DD'), 1500, 'Residencial');
INSERT INTO CONTRATOS (CONTRATO_ID, PROPRIEDADE_ID, PROPRIETARIO_ID, CLIENTE_ID, DATA_INICIO, DATA_FIM, VALOR_MENSAL, TIPO) 
VALUES (2, 2, 2, 2, TO_DATE('2024-06-01', 'YYYY-MM-DD'), NULL, 2000, 'Comercial');

INSERT INTO MANUTENCOES_PROPRIEDADE (MANUTENCAO_ID, PROPRIEDADE_ID, DATA_MANUTENCAO, DESCRICAO, CUSTO) 
VALUES (1, 1, TO_DATE('2024-03-15', 'YYYY-MM-DD'), 'Reparação elétrica', 500);
INSERT INTO MANUTENCOES_PROPRIEDADE (MANUTENCAO_ID, PROPRIEDADE_ID, DATA_MANUTENCAO, DESCRICAO, CUSTO) 
VALUES (2, 2, TO_DATE('2024-07-20', 'YYYY-MM-DD'), 'Pintura interna', 1200);
